1,13337,0.69
2,3275,0.17
3,2161,0.11
4,1722,0.09
5,1476,0.08
6,1369,0.07
7,1362,0.07
8,1497,0.08
9,4088,0.21
10,720,0.04
11,266,0.01
12,151,0.01
13,96,0.00
14,70,0.00
15,57,0.00
16,39,0.00
17,41,0.00
18,48,0.00
19,101,0.01
20,105,0.01
21,61,0.00
22,42,0.00
23,23,0.00
24,8,0.00
25,15,0.00
26,8,0.00
27,18,0.00
28,12,0.00
29,42,0.00
30,56,0.00
31,32,0.00
32,23,0.00
33,5,0.00
34,9,0.00
35,4,0.00
36,3,0.00
37,10,0.00
38,10,0.00
39,25,0.00
40,27,0.00
41,15,0.00
42,21,0.00
43,5,0.00
44,11,0.00
45,7,0.00
46,4,0.00
47,5,0.00
48,8,0.00
49,20,0.00
50,18,0.00
51,17,0.00
52,18,0.00
53,6,0.00
54,4,0.00
55,3,0.00
56,11,0.00
57,10,0.00
58,9,0.00
59,8,0.00
60,15,0.00
61,12,0.00
62,10,0.00
63,7,0.00
64,6,0.00
65,2,0.00
66,5,0.00
67,5,0.00
68,6,0.00
69,3,0.00
70,12,0.00
71,13,0.00
72,18,0.00
73,4,0.00
74,10,0.00
75,25,0.00
76,34,0.00
77,8,0.00
78,6,0.00
79,12,0.00
80,23,0.00
81,14,0.00
82,14,0.00
83,10,0.00
84,10,0.00
85,31,0.00
86,52,0.00
87,22,0.00
88,11,0.00
89,12,0.00
90,32,0.00
91,18,0.00
92,21,0.00
93,8,0.00
94,15,0.00
95,45,0.00
96,80,0.00
97,24,0.00
98,19,0.00
99,15,0.00
100,49,0.00
101,34,0.00
102,27,0.00
103,17,0.00
104,14,0.00
105,57,0.00
106,98,0.01
107,31,0.00
108,19,0.00
109,18,0.00
110,21,0.00
111,23,0.00
112,21,0.00
113,13,0.00
114,15,0.00
115,42,0.00
116,89,0.00
117,30,0.00
118,12,0.00
119,15,0.00
120,27,0.00
121,21,0.00
122,19,0.00
123,9,0.00
124,18,0.00
125,54,0.00
126,83,0.00
127,31,0.00
128,15,0.00
129,13,0.00
130,31,0.00
131,15,0.00
132,13,0.00
133,7,0.00
134,12,0.00
135,26,0.00
136,43,0.00
137,15,0.00
138,11,0.00
139,13,0.00
140,20,0.00
141,10,0.00
142,11,0.00
143,6,0.00
144,4,0.00
145,24,0.00
146,42,0.00
147,16,0.00
148,11,0.00
149,4,0.00
150,12,0.00
151,10,0.00
152,5,0.00
153,9,0.00
154,9,0.00
155,10,0.00
156,19,0.00
157,4,0.00
158,8,0.00
159,5,0.00
160,6,0.00
161,6,0.00
162,6,0.00
163,5,0.00
164,2,0.00
165,10,0.00
166,15,0.00
167,7,0.00
168,3,0.00
169,3,0.00
170,2,0.00
171,1,0.00
172,5,0.00
174,2,0.00
175,5,0.00
176,5,0.00
177,3,0.00
178,5,0.00
179,3,0.00
180,3,0.00
181,2,0.00
182,3,0.00
183,4,0.00
184,3,0.00
185,2,0.00
186,3,0.00
187,1,0.00
188,3,0.00
189,1,0.00
191,4,0.00
192,3,0.00
193,4,0.00
194,2,0.00
197,1,0.00
198,3,0.00
200,1,0.00
201,1,0.00
202,2,0.00
203,2,0.00
204,1,0.00
205,1,0.00
206,1,0.00
207,2,0.00
208,3,0.00
209,4,0.00
212,7,0.00
213,1,0.00
217,2,0.00
218,5,0.00
219,2,0.00
220,1,0.00
221,1,0.00
222,2,0.00
223,3,0.00
225,1,0.00
227,1,0.00
228,3,0.00
230,1,0.00
231,1,0.00
232,2,0.00
235,1,0.00
237,1,0.00
238,1,0.00
239,1,0.00
242,2,0.00
243,1,0.00
244,2,0.00
247,2,0.00
248,1,0.00
249,2,0.00
251,1,0.00
252,3,0.00
254,1,0.00
255,3,0.00
256,4,0.00
258,2,0.00
259,4,0.00
261,2,0.00
262,1,0.00
263,4,0.00
264,9,0.00
265,28,0.00
266,15,0.00
267,14,0.00
268,6,0.00
269,12,0.00
270,11,0.00
271,4,0.00
272,6,0.00
273,17,0.00
274,26,0.00
275,93,0.00
276,75,0.00
277,23,0.00
278,45,0.00
279,27,0.00
280,19,0.00
281,17,0.00
282,19,0.00
283,23,0.00
284,47,0.00
285,222,0.01
286,127,0.01
287,81,0.00
288,114,0.01
289,38,0.00
290,21,0.00
291,19,0.00
292,22,0.00
293,28,0.00
294,58,0.00
295,264,0.01
296,155,0.01
297,31,0.00
298,46,0.00
299,18,0.00
300,11,0.00
301,17,0.00
302,20,0.00
303,16,0.00
304,24,0.00
305,30,0.00
306,22,0.00
307,47,0.00
308,60,0.00
309,31,0.00
310,17,0.00
311,8,0.00
312,14,0.00
313,7,0.00
314,15,0.00
315,21,0.00
316,29,0.00
317,68,0.00
318,113,0.01
319,67,0.00
320,21,0.00
321,25,0.00
322,18,0.00
323,19,0.00
324,18,0.00
325,28,0.00
326,51,0.00
327,126,0.01
328,199,0.01
329,101,0.01
330,43,0.00
331,38,0.00
332,39,0.00
333,35,0.00
334,49,0.00
335,56,0.00
336,63,0.00
337,177,0.01
338,332,0.02
339,142,0.01
340,50,0.00
341,62,0.00
342,53,0.00
343,65,0.00
344,63,0.00
345,73,0.00
346,90,0.00
347,278,0.01
348,463,0.02
349,219,0.01
350,70,0.00
351,65,0.00
352,64,0.00
353,64,0.00
354,89,0.00
355,117,0.01
356,145,0.01
357,437,0.02
358,741,0.04
359,307,0.02
360,139,0.01
361,100,0.01
362,101,0.01
363,127,0.01
364,143,0.01
365,162,0.01
366,207,0.01
367,668,0.03
368,1086,0.06
369,461,0.02
370,163,0.01
371,133,0.01
372,128,0.01
373,157,0.01
374,159,0.01
375,198,0.01
376,244,0.01
377,869,0.04
378,1516,0.08
379,599,0.03
380,256,0.01
381,188,0.01
382,178,0.01
383,185,0.01
384,245,0.01
385,213,0.01
386,323,0.02
387,990,0.05
388,1927,0.10
389,745,0.04
390,296,0.02
391,213,0.01
392,179,0.01
393,210,0.01
394,255,0.01
395,231,0.01
396,312,0.02
397,1079,0.06
398,2086,0.11
399,854,0.04
400,268,0.01
401,192,0.01
402,195,0.01
403,188,0.01
404,280,0.01
405,226,0.01
406,323,0.02
407,1027,0.05
408,1973,0.10
409,858,0.04
410,251,0.01
411,211,0.01
412,184,0.01
413,198,0.01
414,249,0.01
415,211,0.01
416,276,0.01
417,857,0.04
418,1646,0.08
419,700,0.04
420,221,0.01
421,154,0.01
422,145,0.01
423,160,0.01
424,170,0.01
425,171,0.01
426,181,0.01
427,581,0.03
428,1291,0.07
429,536,0.03
430,195,0.01
431,121,0.01
432,87,0.00
433,109,0.01
434,117,0.01
435,119,0.01
436,141,0.01
437,360,0.02
438,837,0.04
439,379,0.02
440,101,0.01
441,81,0.00
442,75,0.00
443,65,0.00
444,72,0.00
445,54,0.00
446,72,0.00
447,198,0.01
448,416,0.02
449,179,0.01
450,56,0.00
451,35,0.00
452,45,0.00
453,36,0.00
454,35,0.00
455,35,0.00
456,40,0.00
457,99,0.01
458,197,0.01
459,103,0.01
460,42,0.00
461,26,0.00
462,18,0.00
463,24,0.00
464,16,0.00
465,17,0.00
466,22,0.00
467,29,0.00
468,60,0.00
469,40,0.00
470,24,0.00
471,13,0.00
472,17,0.00
473,7,0.00
474,9,0.00
475,8,0.00
476,8,0.00
477,12,0.00
478,25,0.00
479,19,0.00
480,9,0.00
481,8,0.00
482,6,0.00
483,2,0.00
484,1,0.00
485,2,0.00
486,1,0.00
487,5,0.00
488,11,0.00
489,8,0.00
490,5,0.00
491,6,0.00
492,4,0.00
493,4,0.00
494,3,0.00
495,1,0.00
496,2,0.00
497,5,0.00
498,1,0.00
499,2,0.00
500,2,0.00
501,2,0.00
502,4,0.00
503,3,0.00
504,1,0.00
505,1,0.00
506,3,0.00
507,4,0.00
508,5,0.00
509,5,0.00
510,4,0.00
511,8,0.00
512,7,0.00
513,6,0.00
514,1,0.00
515,2,0.00
516,1,0.00
517,2,0.00
518,7,0.00
519,5,0.00
520,8,0.00
521,31,0.00
522,26,0.00
523,10,0.00
524,3,0.00
525,8,0.00
526,10,0.00
527,10,0.00
528,7,0.00
529,8,0.00
530,25,0.00
531,60,0.00
532,68,0.00
533,33,0.00
534,23,0.00
535,20,0.00
536,22,0.00
537,24,0.00
538,32,0.00
539,31,0.00
540,48,0.00
541,125,0.01
542,196,0.01
543,113,0.01
544,35,0.00
545,33,0.00
546,44,0.00
547,30,0.00
548,41,0.00
549,47,0.00
550,67,0.00
551,221,0.01
552,457,0.02
553,189,0.01
554,77,0.00
555,70,0.00
556,73,0.00
557,73,0.00
558,68,0.00
559,87,0.00
560,122,0.01
561,496,0.03
562,922,0.05
563,367,0.02
564,159,0.01
565,127,0.01
566,140,0.01
567,132,0.01
568,110,0.01
569,120,0.01
570,194,0.01
571,695,0.04
572,1421,0.07
573,567,0.03
574,194,0.01
575,174,0.01
576,173,0.01
577,156,0.01
578,159,0.01
579,182,0.01
580,263,0.01
581,859,0.04
582,1862,0.10
583,839,0.04
584,255,0.01
585,254,0.01
586,262,0.01
587,219,0.01
588,189,0.01
589,218,0.01
590,290,0.01
591,1029,0.05
592,2130,0.11
593,946,0.05
594,310,0.02
595,267,0.01
596,273,0.01
597,215,0.01
598,198,0.01
599,225,0.01
600,317,0.02
601,1092,0.06
602,2266,0.12
603,989,0.05
604,284,0.01
605,254,0.01
606,271,0.01
607,223,0.01
608,219,0.01
609,221,0.01
610,311,0.02
611,978,0.05
612,2043,0.11
613,942,0.05
614,310,0.02
615,235,0.01
616,214,0.01
617,199,0.01
618,190,0.01
619,239,0.01
620,249,0.01
621,754,0.04
622,1640,0.08
623,817,0.04
624,273,0.01
625,207,0.01
626,178,0.01
627,132,0.01
628,129,0.01
629,149,0.01
630,183,0.01
631,524,0.03
632,1208,0.06
633,580,0.03
634,175,0.01
635,182,0.01
636,164,0.01
637,139,0.01
638,107,0.01
639,118,0.01
640,136,0.01
641,325,0.02
642,785,0.04
643,407,0.02
644,160,0.01
645,107,0.01
646,92,0.00
647,77,0.00
648,65,0.00
649,75,0.00
650,88,0.00
651,240,0.01
652,490,0.03
653,261,0.01
654,92,0.00
655,72,0.00
656,66,0.00
657,60,0.00
658,53,0.00
659,65,0.00
660,72,0.00
661,194,0.01
662,325,0.02
663,186,0.01
664,65,0.00
665,51,0.00
666,45,0.00
667,29,0.00
668,32,0.00
669,39,0.00
670,42,0.00
671,95,0.00
672,216,0.01
673,115,0.01
674,48,0.00
675,33,0.00
676,16,0.00
677,31,0.00
678,25,0.00
679,24,0.00
680,18,0.00
681,65,0.00
682,110,0.01
683,54,0.00
684,22,0.00
685,22,0.00
686,10,0.00
687,15,0.00
688,14,0.00
689,11,0.00
690,15,0.00
691,31,0.00
692,76,0.00
693,34,0.00
694,26,0.00
695,28,0.00
696,15,0.00
697,7,0.00
698,17,0.00
699,17,0.00
700,13,0.00
701,25,0.00
702,42,0.00
703,34,0.00
704,205,0.01
705,254,0.01
706,70,0.00
707,23,0.00
708,27,0.00
709,18,0.00
710,17,0.00
711,30,0.00
712,34,0.00
713,30,0.00
714,130,0.01
715,180,0.01
716,42,0.00
717,23,0.00
718,6,0.00
719,15,0.00
720,21,0.00
721,20,0.00
722,16,0.00
723,19,0.00
724,66,0.00
725,71,0.00
726,23,0.00
727,17,0.00
728,5,0.00
729,12,0.00
730,5,0.00
731,10,0.00
732,8,0.00
733,8,0.00
734,11,0.00
735,13,0.00
736,7,0.00
737,1,0.00
738,3,0.00
739,3,0.00
740,2,0.00
741,1,0.00
743,1,0.00
744,3,0.00
746,1,0.00
747,2,0.00
749,1,0.00
750,2,0.00
751,1,0.00
752,1,0.00
753,2,0.00
755,1,0.00
757,2,0.00
758,1,0.00
759,1,0.00
762,3,0.00
763,2,0.00
767,1,0.00
768,2,0.00
769,1,0.00
772,2,0.00
773,1,0.00
774,1,0.00
776,1,0.00
777,2,0.00
778,2,0.00
781,4,0.00
782,3,0.00
783,2,0.00
787,3,0.00
788,7,0.00
790,1,0.00
791,3,0.00
792,3,0.00
793,2,0.00
794,1,0.00
796,1,0.00
798,2,0.00
801,1,0.00
802,1,0.00
803,2,0.00
805,2,0.00
806,3,0.00
807,2,0.00
808,5,0.00
809,4,0.00
810,4,0.00
811,1,0.00
812,1,0.00
813,2,0.00
814,2,0.00
815,3,0.00
816,3,0.00
817,5,0.00
818,5,0.00
819,2,0.00
820,3,0.00
821,1,0.00
822,4,0.00
823,3,0.00
824,4,0.00
825,2,0.00
826,1,0.00
827,1,0.00
828,5,0.00
829,2,0.00
830,2,0.00
831,6,0.00
832,2,0.00
833,5,0.00
834,15,0.00
835,16,0.00
836,4,0.00
837,8,0.00
838,6,0.00
839,5,0.00
840,6,0.00
841,7,0.00
842,12,0.00
843,5,0.00
844,22,0.00
845,9,0.00
846,13,0.00
847,5,0.00
848,7,0.00
849,9,0.00
850,10,0.00
851,7,0.00
852,11,0.00
853,14,0.00
854,48,0.00
855,13,0.00
857,8,0.00
858,11,0.00
859,14,0.00
860,16,0.00
861,19,0.00
862,12,0.00
863,16,0.00
864,56,0.00
865,31,0.00
866,4,0.00
867,5,0.00
868,14,0.00
869,20,0.00
870,30,0.00
871,15,0.00
872,16,0.00
873,25,0.00
874,89,0.00
875,43,0.00
876,17,0.00
877,13,0.00
878,22,0.00
879,20,0.00
880,24,0.00
881,19,0.00
882,9,0.00
883,37,0.00
884,83,0.00
885,52,0.00
886,14,0.00
887,10,0.00
888,22,0.00
889,20,0.00
890,29,0.00
891,21,0.00
892,15,0.00
893,39,0.00
894,107,0.01
895,43,0.00
896,18,0.00
897,14,0.00
898,23,0.00
899,29,0.00
900,41,0.00
901,19,0.00
902,19,0.00
903,24,0.00
904,77,0.00
905,37,0.00
906,13,0.00
907,12,0.00
908,19,0.00
909,14,0.00
910,26,0.00
911,19,0.00
912,11,0.00
913,20,0.00
914,59,0.00
915,18,0.00
916,9,0.00
917,8,0.00
918,12,0.00
919,7,0.00
920,21,0.00
921,4,0.00
922,11,0.00
923,10,0.00
924,36,0.00
925,19,0.00
926,5,0.00
927,8,0.00
928,16,0.00
929,6,0.00
930,14,0.00
931,4,0.00
932,4,0.00
933,6,0.00
934,8,0.00
935,5,0.00
936,7,0.00
937,10,0.00
938,10,0.00
939,13,0.00
940,15,0.00
941,12,0.00
942,12,0.00
943,5,0.00
944,9,0.00
945,6,0.00
946,2,0.00
947,6,0.00
948,13,0.00
949,23,0.00
950,19,0.00
951,13,0.00
952,8,0.00
953,8,0.00
954,8,0.00
955,6,0.00
956,5,0.00
957,11,0.00
958,21,0.00
959,18,0.00
960,22,0.00
961,24,0.00
962,12,0.00
963,8,0.00
964,6,0.00
965,9,0.00
966,10,0.00
967,11,0.00
968,25,0.00
969,33,0.00
970,59,0.00
971,38,0.00
972,17,0.00
973,6,0.00
974,11,0.00
975,12,0.00
976,9,0.00
977,17,0.00
978,42,0.00
979,56,0.00
980,93,0.00
981,69,0.00
982,391,0.02
983,358,0.02
984,413,0.02
985,443,0.02
986,522,0.03
987,669,0.03
988,915,0.05
989,3074,0.16
990,11497,0.59
991,95322,4.91
992,32447,1.67
993,27992,1.44
994,26944,1.39
995,27817,1.43
996,31335,1.61
997,37870,1.95
998,58550,3.01
999,237471,12.22
1000,585917,30.15
1001,125704,6.47
1002,35634,1.83
1003,24564,1.26
1004,20204,1.04
1005,17593,0.91
1006,17071,0.88
1007,17006,0.88
1008,20654,1.06
1009,59738,3.07
1010,125149,6.44
1011,22396,1.15
1012,7149,0.37
1013,4995,0.26
1014,3868,0.20
1015,3038,0.16
1016,2783,0.14
1017,2501,0.13
1018,2363,0.12
1019,3890,0.20
1020,5987,0.31
1021,1561,0.08
1022,787,0.04
1023,538,0.03
1024,380,0.02
1025,260,0.01
1026,212,0.01
1027,187,0.01
1028,175,0.01
1029,145,0.01
1030,121,0.01
1031,71,0.00
1032,43,0.00
1033,33,0.00
1034,34,0.00
1035,20,0.00
1036,13,0.00
1037,14,0.00
1038,16,0.00
1039,6,0.00
1040,15,0.00
1041,8,0.00
1042,2,0.00
1043,5,0.00
1044,4,0.00
1045,2,0.00
1046,6,0.00
1047,4,0.00
1048,2,0.00
1050,1,0.00
1051,4,0.00
1052,3,0.00
1053,3,0.00
1054,5,0.00
1056,4,0.00
1058,1,0.00
1059,2,0.00
1060,2,0.00
1061,3,0.00
1062,1,0.00
1063,1,0.00
1064,2,0.00
1065,2,0.00
1067,1,0.00
1068,1,0.00
1069,2,0.00
1070,1,0.00
1072,2,0.00
1073,2,0.00
1075,1,0.00
1076,2,0.00
1077,1,0.00
1078,2,0.00
1079,3,0.00
1080,1,0.00
1081,2,0.00
1082,1,0.00
1083,1,0.00
1085,1,0.00
1086,1,0.00
1087,1,0.00
1088,1,0.00
1089,1,0.00
1090,1,0.00
1092,2,0.00
1093,1,0.00
1094,3,0.00
1095,2,0.00
1096,1,0.00
1097,1,0.00
1098,1,0.00
1099,1,0.00
1100,1,0.00
1101,2,0.00
1102,1,0.00
1103,3,0.00
1104,1,0.00
1105,2,0.00
1106,4,0.00
1107,1,0.00
1108,1,0.00
1109,3,0.00
1110,3,0.00
1111,2,0.00
1112,3,0.00
1113,2,0.00
1114,1,0.00
1117,2,0.00
1119,2,0.00
1120,3,0.00
1121,2,0.00
1122,1,0.00
1123,6,0.00
1124,1,0.00
1125,2,0.00
1126,2,0.00
1127,2,0.00
1130,1,0.00
1131,1,0.00
1132,2,0.00
1133,1,0.00
1134,1,0.00
1135,2,0.00
1136,2,0.00
1137,3,0.00
1139,1,0.00
1141,2,0.00
1142,1,0.00
1146,1,0.00
1147,1,0.00
1155,1,0.00
1157,1,0.00
1160,3,0.00
1161,1,0.00
1162,1,0.00
1163,1,0.00
1165,2,0.00
1166,1,0.00
1170,1,0.00
1172,1,0.00
1174,1,0.00
1175,2,0.00
1176,1,0.00
1180,1,0.00
1181,1,0.00
1182,1,0.00
1186,1,0.00
1188,1,0.00
1190,1,0.00
1193,1,0.00
1197,1,0.00
1198,3,0.00
1199,1,0.00
1201,1,0.00
1202,1,0.00
1204,1,0.00
1211,1,0.00
1220,1,0.00
1230,1,0.00
1232,1,0.00
1236,1,0.00
1239,2,0.00
1240,2,0.00
1243,2,0.00
1244,1,0.00
1247,1,0.00
1249,1,0.00
1255,1,0.00
1256,2,0.00
1259,1,0.00
1262,1,0.00
1264,1,0.00
1265,1,0.00
1268,3,0.00
1269,1,0.00
1270,2,0.00
1271,1,0.00
1272,3,0.00
1273,1,0.00
1275,1,0.00
1276,3,0.00
1277,1,0.00
1278,8,0.00
1279,4,0.00
1280,2,0.00
1281,3,0.00
1282,1,0.00
1284,1,0.00
1285,7,0.00
1286,4,0.00
1287,11,0.00
1288,11,0.00
1290,1,0.00
1291,2,0.00
1292,1,0.00
1293,1,0.00
1294,5,0.00
1295,8,0.00
1296,3,0.00
1297,3,0.00
1298,4,0.00
1299,4,0.00
1300,3,0.00
1301,1,0.00
1302,2,0.00
1303,1,0.00
1304,2,0.00
1305,4,0.00
1306,4,0.00
1307,6,0.00
1308,11,0.00
1309,2,0.00
1310,2,0.00
1311,3,0.00
1312,2,0.00
1314,2,0.00
1316,3,0.00
1317,9,0.00
1318,15,0.00
1319,5,0.00
1320,5,0.00
1321,1,0.00
1322,4,0.00
1323,3,0.00
1324,2,0.00
1325,4,0.00
1326,5,0.00
1327,23,0.00
1328,24,0.00
1329,14,0.00
1330,7,0.00
1331,3,0.00
1332,4,0.00
1333,4,0.00
1334,10,0.00
1335,4,0.00
1336,9,0.00
1337,31,0.00
1338,42,0.00
1339,14,0.00
1340,7,0.00
1341,6,0.00
1342,7,0.00
1343,7,0.00
1344,6,0.00
1345,11,0.00
1346,20,0.00
1347,41,0.00
1348,47,0.00
1349,25,0.00
1350,9,0.00
1351,11,0.00
1352,9,0.00
1353,4,0.00
1354,14,0.00
1355,11,0.00
1356,17,0.00
1357,47,0.00
1358,75,0.00
1359,24,0.00
1360,13,0.00
1361,7,0.00
1362,10,0.00
1363,10,0.00
1364,24,0.00
1365,17,0.00
1366,22,0.00
1367,93,0.00
1368,116,0.01
1369,50,0.00
1370,17,0.00
1371,20,0.00
1372,8,0.00
1373,12,0.00
1374,22,0.00
1375,18,0.00
1376,38,0.00
1377,115,0.01
1378,181,0.01
1379,60,0.00
1380,28,0.00
1381,22,0.00
1382,14,0.00
1383,15,0.00
1384,28,0.00
1385,26,0.00
1386,36,0.00
1387,142,0.01
1388,205,0.01
1389,75,0.00
1390,28,0.00
1391,21,0.00
1392,22,0.00
1393,19,0.00
1394,25,0.00
1395,24,0.00
1396,37,0.00
1397,116,0.01
1398,195,0.01
1399,75,0.00
1400,24,0.00
1401,26,0.00
1402,22,0.00
1403,18,0.00
1404,32,0.00
1405,28,0.00
1406,29,0.00
1407,125,0.01
1408,189,0.01
1409,67,0.00
1410,21,0.00
1411,22,0.00
1412,15,0.00
1413,24,0.00
1414,16,0.00
1415,20,0.00
1416,23,0.00
1417,86,0.00
1418,176,0.01
1419,62,0.00
1420,18,0.00
1421,22,0.00
1422,17,0.00
1423,13,0.00
1424,13,0.00
1425,22,0.00
1426,14,0.00
1427,77,0.00
1428,141,0.01
1429,51,0.00
1430,14,0.00
1431,9,0.00
1432,8,0.00
1433,10,0.00
1434,8,0.00
1435,15,0.00
1436,13,0.00
1437,37,0.00
1438,97,0.00
1439,29,0.00
1440,4,0.00
1441,8,0.00
1442,3,0.00
1443,9,0.00
1444,8,0.00
1445,10,0.00
1446,9,0.00
1447,24,0.00
1448,29,0.00
1449,16,0.00
1450,8,0.00
1451,6,0.00
1452,1,0.00
1453,3,0.00
1454,3,0.00
1455,5,0.00
1456,3,0.00
1457,14,0.00
1458,15,0.00
1459,8,0.00
1460,2,0.00
1461,2,0.00
1462,3,0.00
1463,2,0.00
1464,2,0.00
1465,3,0.00
1466,3,0.00
1467,3,0.00
1468,4,0.00
1469,4,0.00
1470,6,0.00
1471,2,0.00
1472,2,0.00
1473,1,0.00
1474,2,0.00
1477,2,0.00
1478,5,0.00
1479,4,0.00
1480,1,0.00
1481,1,0.00
1482,1,0.00
1486,3,0.00
1487,2,0.00
1488,3,0.00
1490,2,0.00
1494,1,0.00
1495,2,0.00
1496,1,0.00
1498,4,0.00
1499,2,0.00
1500,4,0.00
1501,1,0.00
1502,2,0.00
1503,1,0.00
1504,3,0.00
1506,1,0.00
1508,2,0.00
1510,3,0.00
1512,3,0.00
1513,1,0.00
1514,2,0.00
1515,1,0.00
1518,1,0.00
1519,3,0.00
1520,1,0.00
1521,1,0.00
1522,3,0.00
1523,2,0.00
1524,1,0.00
1525,2,0.00
1526,2,0.00
1527,1,0.00
1528,1,0.00
1529,5,0.00
1530,4,0.00
1531,4,0.00
1532,7,0.00
1533,1,0.00
1534,2,0.00
1535,3,0.00
1536,1,0.00
1537,1,0.00
1538,2,0.00
1539,2,0.00
1540,3,0.00
1541,6,0.00
1542,14,0.00
1543,4,0.00
1544,3,0.00
1545,5,0.00
1546,1,0.00
1548,3,0.00
1549,4,0.00
1550,9,0.00
1551,15,0.00
1552,21,0.00
1553,9,0.00
1554,7,0.00
1555,7,0.00
1556,4,0.00
1557,5,0.00
1558,2,0.00
1559,4,0.00
1560,8,0.00
1561,16,0.00
1562,43,0.00
1563,12,0.00
1564,4,0.00
1565,1,0.00
1566,3,0.00
1567,5,0.00
1568,6,0.00
1569,5,0.00
1570,9,0.00
1571,32,0.00
1572,59,0.00
1573,27,0.00
1574,9,0.00
1575,7,0.00
1576,10,0.00
1577,7,0.00
1578,6,0.00
1579,7,0.00
1580,11,0.00
1581,26,0.00
1582,86,0.00
1583,29,0.00
1584,8,0.00
1585,11,0.00
1586,9,0.00
1587,10,0.00
1588,9,0.00
1589,5,0.00
1590,13,0.00
1591,43,0.00
1592,83,0.00
1593,30,0.00
1594,7,0.00
1595,11,0.00
1596,14,0.00
1597,8,0.00
1598,7,0.00
1599,12,0.00
1600,16,0.00
1601,35,0.00
1602,77,0.00
1603,42,0.00
1604,9,0.00
1605,9,0.00
1606,5,0.00
1607,9,0.00
1608,9,0.00
1609,7,0.00
1610,16,0.00
1611,31,0.00
1612,72,0.00
1613,29,0.00
1614,9,0.00
1615,7,0.00
1616,7,0.00
1617,5,0.00
1618,3,0.00
1619,9,0.00
1620,11,0.00
1621,20,0.00
1622,45,0.00
1623,16,0.00
1624,6,0.00
1625,6,0.00
1626,6,0.00
1627,4,0.00
1628,8,0.00
1629,5,0.00
1630,2,0.00
1631,19,0.00
1632,31,0.00
1633,24,0.00
1634,4,0.00
1635,2,0.00
1636,7,0.00
1637,5,0.00
1638,2,0.00
1639,3,0.00
1640,10,0.00
1641,12,0.00
1642,25,0.00
1643,13,0.00
1644,4,0.00
1645,6,0.00
1646,3,0.00
1648,1,0.00
1649,5,0.00
1650,3,0.00
1651,10,0.00
1652,23,0.00
1653,6,0.00
1654,5,0.00
1655,2,0.00
1656,3,0.00
1657,3,0.00
1658,3,0.00
1659,6,0.00
1660,3,0.00
1661,5,0.00
1662,11,0.00
1663,8,0.00
1664,2,0.00
1665,2,0.00
1666,1,0.00
1667,1,0.00
1669,2,0.00
1670,4,0.00
1671,8,0.00
1672,3,0.00
1673,3,0.00
1674,2,0.00
1675,1,0.00
1676,2,0.00
1678,2,0.00
1679,5,0.00
1680,3,0.00
1681,3,0.00
1682,5,0.00
1683,2,0.00
1684,2,0.00
1685,2,0.00
1687,2,0.00
1689,1,0.00
1690,2,0.00
1691,2,0.00
1692,3,0.00
1693,1,0.00
1695,3,0.00
1696,1,0.00
1697,2,0.00
1698,3,0.00
1700,2,0.00
1701,1,0.00
1702,3,0.00
1703,1,0.00
1704,4,0.00
1705,4,0.00
1706,1,0.00
1708,2,0.00
1710,2,0.00
1711,2,0.00
1713,1,0.00
1714,7,0.00
1715,5,0.00
1716,1,0.00
1717,1,0.00
1719,3,0.00
1720,1,0.00
1722,2,0.00
1723,4,0.00
1724,2,0.00
1725,1,0.00
1727,1,0.00
1728,2,0.00
1729,1,0.00
1730,3,0.00
1732,2,0.00
1733,2,0.00
1734,1,0.00
1737,1,0.00
1738,2,0.00
1739,1,0.00
1740,1,0.00
1741,1,0.00
1742,1,0.00
1743,1,0.00
1746,1,0.00
1747,1,0.00
1750,1,0.00
1751,1,0.00
1752,1,0.00
1753,1,0.00
1755,2,0.00
1757,1,0.00
1759,1,0.00
1760,1,0.00
1761,4,0.00
1765,1,0.00
1767,1,0.00
1768,1,0.00
1769,2,0.00
1770,1,0.00
1773,1,0.00
1775,1,0.00
1780,3,0.00
1781,3,0.00
1783,1,0.00
1785,2,0.00
1788,1,0.00
1789,1,0.00
1792,1,0.00
1796,2,0.00
1798,2,0.00
1808,1,0.00
1809,1,0.00
1812,1,0.00
1813,2,0.00
1814,1,0.00
1815,1,0.00
1817,1,0.00
1818,2,0.00
1819,3,0.00
1820,3,0.00
1821,1,0.00
1823,1,0.00
1825,1,0.00
1826,1,0.00
1829,1,0.00
1832,1,0.00
1833,1,0.00
1835,1,0.00
1837,1,0.00
1838,1,0.00
1840,1,0.00
1842,1,0.00
1844,1,0.00
1850,2,0.00
1851,1,0.00
1853,1,0.00
1858,2,0.00
1860,3,0.00
1862,2,0.00
1866,1,0.00
1867,1,0.00
1868,1,0.00
1869,2,0.00
1872,2,0.00
1874,1,0.00
1875,3,0.00
1877,3,0.00
1878,2,0.00
1879,2,0.00
1881,2,0.00
1883,3,0.00
1884,2,0.00
1885,3,0.00
1887,1,0.00
1888,2,0.00
1890,1,0.00
1893,2,0.00
1897,1,0.00
1898,2,0.00
1899,1,0.00
1900,1,0.00
1904,3,0.00
1905,1,0.00
1907,1,0.00
1908,3,0.00
1910,1,0.00
1911,1,0.00
1912,1,0.00
1913,1,0.00
1914,3,0.00
1915,1,0.00
1919,1,0.00
1920,2,0.00
1922,3,0.00
1924,2,0.00
1928,1,0.00
1929,2,0.00
1930,2,0.00
1931,1,0.00
1936,1,0.00
1937,1,0.00
1938,1,0.00
1939,1,0.00
1940,2,0.00
1941,1,0.00
1943,4,0.00
1946,1,0.00
1950,2,0.00
1951,1,0.00
1952,1,0.00
1953,1,0.00
1957,1,0.00
1960,3,0.00
1961,1,0.00
1964,1,0.00
1966,1,0.00
1968,4,0.00
1969,1,0.00
1970,1,0.00
1973,1,0.00
1978,1,0.00
1979,3,0.00
1980,12,0.00
1981,6,0.00
1982,15,0.00
1983,18,0.00
1984,15,0.00
1985,16,0.00
1986,21,0.00
1987,23,0.00
1988,47,0.00
1989,136,0.01
1990,427,0.02
1991,6186,0.32
1992,2186,0.11
1993,1858,0.10
1994,1712,0.09
1995,1711,0.09
1996,2045,0.11
1997,2469,0.13
1998,3592,0.18
1999,14838,0.76
2000,38180,1.96
2001,6451,0.33
2002,1734,0.09
2003,1229,0.06
2004,904,0.05
2005,727,0.04
2006,627,0.03
2007,549,0.03
2008,537,0.03
2009,649,0.03
2010,699,0.04
2011,256,0.01
2012,139,0.01
2013,117,0.01
2014,92,0.00
2015,69,0.00
2016,47,0.00
2017,47,0.00
2018,40,0.00
2019,25,0.00
2020,33,0.00
2021,15,0.00
2022,9,0.00
2023,12,0.00
2024,3,0.00
2025,5,0.00
2026,3,0.00
2027,4,0.00
2029,4,0.00
2030,5,0.00
2032,1,0.00
2033,2,0.00
2034,3,0.00
2037,3,0.00
2038,1,0.00
2040,1,0.00
2048,1,0.00
2059,2,0.00
2063,1,0.00
2068,2,0.00
2072,1,0.00
2080,1,0.00
2082,1,0.00
2087,1,0.00
2090,1,0.00
2095,1,0.00
2097,1,0.00
2099,1,0.00
2100,1,0.00
2102,2,0.00
2104,1,0.00
2105,1,0.00
2106,2,0.00
2108,1,0.00
2109,1,0.00
2110,1,0.00
2112,1,0.00
2113,1,0.00
2114,1,0.00
2115,1,0.00
2116,1,0.00
2117,1,0.00
2118,2,0.00
2120,1,0.00
2121,1,0.00
2122,2,0.00
2123,1,0.00
2125,2,0.00
2126,1,0.00
2128,1,0.00
2130,1,0.00
2136,1,0.00
2137,2,0.00
2139,2,0.00
2144,1,0.00
2146,1,0.00
2148,1,0.00
2149,2,0.00
2150,2,0.00
2165,1,0.00
2176,1,0.00
2206,1,0.00
2220,1,0.00
2229,1,0.00
2231,1,0.00
2257,1,0.00
2258,1,0.00
2263,1,0.00
2265,1,0.00
2270,1,0.00
2273,1,0.00
2274,1,0.00
2276,1,0.00
2277,1,0.00
2278,1,0.00
2281,1,0.00
2283,1,0.00
2284,1,0.00
2285,2,0.00
2286,1,0.00
2291,2,0.00
2294,4,0.00
2295,8,0.00
2296,4,0.00
2297,1,0.00
2298,1,0.00
2301,1,0.00
2305,1,0.00
2306,1,0.00
2308,1,0.00
2319,1,0.00
2327,1,0.00
2329,2,0.00
2330,3,0.00
2337,1,0.00
2338,1,0.00
2339,1,0.00
2340,1,0.00
2341,1,0.00
2342,1,0.00
2346,1,0.00
2348,4,0.00
2349,3,0.00
2353,1,0.00
2355,3,0.00
2356,1,0.00
2358,3,0.00
2359,3,0.00
2360,1,0.00
2362,2,0.00
2364,2,0.00
2365,2,0.00
2366,1,0.00
2367,4,0.00
2368,5,0.00
2369,4,0.00
2371,1,0.00
2372,1,0.00
2374,1,0.00
2376,2,0.00
2377,5,0.00
2378,7,0.00
2379,11,0.00
2382,1,0.00
2384,1,0.00
2385,1,0.00
2386,2,0.00
2387,4,0.00
2388,11,0.00
2389,6,0.00
2390,1,0.00
2391,1,0.00
2393,3,0.00
2394,2,0.00
2396,1,0.00
2397,5,0.00
2398,14,0.00
2399,4,0.00
2400,4,0.00
2401,1,0.00
2402,2,0.00
2403,1,0.00
2404,3,0.00
2405,4,0.00
2406,5,0.00
2407,3,0.00
2408,9,0.00
2409,4,0.00
2410,2,0.00
2412,1,0.00
2414,3,0.00
2415,3,0.00
2416,2,0.00
2417,7,0.00
2418,14,0.00
2419,7,0.00
2421,1,0.00
2422,1,0.00
2423,1,0.00
2424,2,0.00
2425,2,0.00
2427,2,0.00
2428,4,0.00
2429,3,0.00
2430,2,0.00
2433,2,0.00
2434,1,0.00
2435,3,0.00
2436,1,0.00
2437,3,0.00
2438,4,0.00
2439,7,0.00
2443,2,0.00
2445,1,0.00
2446,1,0.00
2447,2,0.00
2449,4,0.00
2450,2,0.00
2454,1,0.00
2457,2,0.00
2458,1,0.00
2462,1,0.00
2464,1,0.00
2470,1,0.00
2510,1,0.00
2515,1,0.00
2519,1,0.00
2527,1,0.00
2537,1,0.00
2540,1,0.00
2541,1,0.00
2542,1,0.00
2548,1,0.00
2561,2,0.00
2562,1,0.00
2563,1,0.00
2565,1,0.00
2566,1,0.00
2568,1,0.00
2570,2,0.00
2571,2,0.00
2572,6,0.00
2574,1,0.00
2575,3,0.00
2576,1,0.00
2578,2,0.00
2581,5,0.00
2582,3,0.00
2583,1,0.00
2584,2,0.00
2585,5,0.00
2586,3,0.00
2588,3,0.00
2590,1,0.00
2591,2,0.00
2592,13,0.00
2593,2,0.00
2595,1,0.00
2596,5,0.00
2598,2,0.00
2599,1,0.00
2600,2,0.00
2601,3,0.00
2602,6,0.00
2603,1,0.00
2605,2,0.00
2606,2,0.00
2607,1,0.00
2608,1,0.00
2609,1,0.00
2611,6,0.00
2612,3,0.00
2613,8,0.00
2614,2,0.00
2618,1,0.00
2620,1,0.00
2621,5,0.00
2622,9,0.00
2623,2,0.00
2625,1,0.00
2626,1,0.00
2628,1,0.00
2631,3,0.00
2632,1,0.00
2633,2,0.00
2635,1,0.00
2636,1,0.00
2637,1,0.00
2639,1,0.00
2641,1,0.00
2642,1,0.00
2645,1,0.00
2646,2,0.00
2650,1,0.00
2656,1,0.00
2660,1,0.00
2661,1,0.00
2662,1,0.00
2663,1,0.00
2664,2,0.00
2670,1,0.00
2673,1,0.00
2679,1,0.00
2682,1,0.00
2683,1,0.00
2693,1,0.00
2698,1,0.00
2699,1,0.00
2703,17,0.00
2704,13,0.00
2705,17,0.00
2706,8,0.00
2707,4,0.00
2708,8,0.00
2709,6,0.00
2710,13,0.00
2711,44,0.00
2712,120,0.01
2713,16,0.00
2714,10,0.00
2715,9,0.00
2716,4,0.00
2717,1,0.00
2718,3,0.00
2719,1,0.00
2720,4,0.00
2723,2,0.00
2724,5,0.00
2725,2,0.00
2726,2,0.00
2732,1,0.00
2733,2,0.00
2736,1,0.00
2744,1,0.00
2749,1,0.00
2760,1,0.00
2773,1,0.00
2799,1,0.00
2844,1,0.00
2853,1,0.00
2857,1,0.00
2859,1,0.00
2864,3,0.00
2865,1,0.00
2866,1,0.00
2873,2,0.00
2874,1,0.00
2882,1,0.00
2883,1,0.00
2885,1,0.00
2887,1,0.00
2894,4,0.00
2903,1,0.00
2905,1,0.00
2916,1,0.00
2917,1,0.00
2933,1,0.00
2940,2,0.00
2941,1,0.00
2947,1,0.00
2948,1,0.00
2955,1,0.00
2956,1,0.00
2961,2,0.00
2963,1,0.00
2967,1,0.00
2969,3,0.00
2972,1,0.00
2973,1,0.00
2975,1,0.00
2976,1,0.00
2977,3,0.00
2978,5,0.00
2979,8,0.00
2980,27,0.00
2981,32,0.00
2982,20,0.00
2983,16,0.00
2984,24,0.00
2985,14,0.00
2986,17,0.00
2987,17,0.00
2988,46,0.00
2989,154,0.01
2990,304,0.02
2991,201,0.01
2992,76,0.00
2993,71,0.00
2994,57,0.00
2995,78,0.00
2996,74,0.00
2997,97,0.00
2998,170,0.01
2999,745,0.04
3000,1385,0.07
3001,230,0.01
3002,72,0.00
3003,46,0.00
3004,35,0.00
3005,26,0.00
3006,29,0.00
3007,32,0.00
3008,19,0.00
3009,27,0.00
3010,30,0.00
3011,10,0.00
3012,6,0.00
3013,8,0.00
3014,3,0.00
3015,2,0.00
3016,6,0.00
3017,4,0.00
3018,4,0.00
3019,3,0.00
3020,8,0.00
3021,2,0.00
3022,2,0.00
3023,1,0.00
3027,1,0.00
3028,1,0.00
3029,4,0.00
3030,1,0.00
3031,1,0.00
3032,1,0.00
3038,2,0.00
3041,1,0.00
3050,1,0.00
3061,1,0.00
3062,1,0.00
3063,1,0.00
3085,1,0.00
3094,1,0.00
3096,2,0.00
3105,1,0.00
3125,1,0.00
3132,1,0.00
3134,1,0.00
3155,1,0.00
3162,1,0.00
3210,1,0.00
3229,1,0.00
3240,1,0.00
3256,1,0.00
3260,1,0.00
3264,1,0.00
3274,1,0.00
3275,2,0.00
3276,2,0.00
3277,2,0.00
3279,1,0.00
3280,3,0.00
3282,1,0.00
3284,2,0.00
3285,4,0.00
3286,1,0.00
3288,4,0.00
3289,1,0.00
3292,1,0.00
3293,1,0.00
3294,1,0.00
3295,2,0.00
3328,1,0.00
3357,1,0.00
3367,1,0.00
3369,1,0.00
3378,1,0.00
3382,2,0.00
3383,1,0.00
3387,1,0.00
3388,3,0.00
3389,2,0.00
3391,1,0.00
3393,1,0.00
3394,3,0.00
3396,3,0.00
3398,4,0.00
3399,1,0.00
3401,1,0.00
3404,2,0.00
3407,2,0.00
3408,1,0.00
3409,1,0.00
3413,2,0.00
3419,1,0.00
3426,1,0.00
3427,1,0.00
3434,1,0.00
3438,2,0.00
3439,2,0.00
3445,1,0.00
3551,2,0.00
3558,1,0.00
3561,1,0.00
3569,1,0.00
3570,1,0.00
3571,1,0.00
3577,1,0.00
3579,1,0.00
3581,1,0.00
3582,2,0.00
3590,1,0.00
3591,1,0.00
3592,2,0.00
3593,1,0.00
3601,1,0.00
3611,3,0.00
3612,2,0.00
3614,1,0.00
3619,1,0.00
3622,3,0.00
3623,1,0.00
3625,1,0.00
3633,1,0.00
3641,1,0.00
3649,1,0.00
3659,1,0.00
3660,1,0.00
3697,1,0.00
3703,1,0.00
3704,4,0.00
3705,1,0.00
3706,1,0.00
3711,1,0.00
3714,1,0.00
3723,2,0.00
3848,1,0.00
3858,1,0.00
3863,1,0.00
3864,1,0.00
3874,2,0.00
3894,2,0.00
3897,1,0.00
3910,1,0.00
3924,2,0.00
3950,1,0.00
3970,2,0.00
3971,1,0.00
3972,1,0.00
3975,1,0.00
3976,2,0.00
3977,1,0.00
3978,2,0.00
3979,8,0.00
3980,18,0.00
3981,8,0.00
3982,4,0.00
3983,5,0.00
3984,4,0.00
3985,5,0.00
3986,6,0.00
3987,8,0.00
3988,11,0.00
3989,53,0.00
3990,69,0.00
3991,22,0.00
3992,7,0.00
3993,13,0.00
3994,12,0.00
3995,14,0.00
3996,18,0.00
3997,13,0.00
3998,32,0.00
3999,143,0.01
4000,167,0.01
4001,13,0.00
4002,6,0.00
4003,2,0.00
4004,6,0.00
4005,7,0.00
4006,5,0.00
4008,6,0.00
4009,5,0.00
4010,3,0.00
4011,2,0.00
4013,2,0.00
4014,1,0.00
4015,1,0.00
4019,1,0.00
4020,5,0.00
4021,2,0.00
4022,1,0.00
4025,2,0.00
4026,3,0.00
4028,1,0.00
4029,4,0.00
4030,10,0.00
4031,4,0.00
4032,2,0.00
4033,1,0.00
4037,2,0.00
4038,3,0.00
4039,19,0.00
4040,23,0.00
4041,5,0.00
4043,2,0.00
4044,2,0.00
4045,2,0.00
4048,1,0.00
4049,3,0.00
4050,9,0.00
4053,1,0.00
4054,1,0.00
4055,1,0.00
4064,1,0.00
4107,1,0.00
4116,1,0.00
4121,1,0.00
4170,1,0.00
4237,1,0.00
4284,1,0.00
4337,1,0.00
4338,1,0.00
4380,1,0.00
4388,1,0.00
4398,1,0.00
4407,2,0.00
4427,1,0.00
4428,1,0.00
4448,1,0.00
4548,1,0.00
4553,1,0.00
4557,1,0.00
4558,1,0.00
4570,1,0.00
4572,1,0.00
4573,1,0.00
4581,3,0.00
4588,1,0.00
4593,1,0.00
4594,2,0.00
4596,1,0.00
4602,2,0.00
4604,1,0.00
4606,1,0.00
4612,1,0.00
4621,1,0.00
4622,3,0.00
4661,2,0.00
4698,1,0.00
4699,1,0.00
4704,1,0.00
4705,1,0.00
4712,1,0.00
4719,1,0.00
4833,1,0.00
4873,1,0.00
4878,1,0.00
4879,1,0.00
4886,1,0.00
4887,1,0.00
4904,1,0.00
4953,1,0.00
4970,2,0.00
4972,1,0.00
4973,1,0.00
4974,1,0.00
4978,1,0.00
4979,5,0.00
4980,8,0.00
4981,4,0.00
4982,5,0.00
4985,1,0.00
4986,6,0.00
4987,4,0.00
4988,5,0.00
4989,25,0.00
4990,35,0.00
4991,10,0.00
4992,2,0.00
4993,2,0.00
4994,1,0.00
4995,3,0.00
4996,3,0.00
4997,2,0.00
4998,9,0.00
4999,66,0.00
5000,66,0.00
5001,4,0.00
5002,5,0.00
5003,8,0.00
5004,3,0.00
5005,1,0.00
5006,4,0.00
5007,1,0.00
5008,2,0.00
5009,1,0.00
5010,4,0.00
5012,1,0.00
5021,1,0.00
5022,1,0.00
5024,1,0.00
5026,1,0.00
5029,1,0.00
5036,1,0.00
5039,3,0.00
5042,1,0.00
5044,2,0.00
5050,2,0.00
5052,1,0.00
5060,1,0.00
5075,1,0.00
5083,1,0.00
5211,1,0.00
5263,1,0.00
5270,1,0.00
5276,1,0.00
5295,1,0.00
5305,1,0.00
5388,2,0.00
5403,1,0.00
5407,1,0.00
5408,1,0.00
5414,2,0.00
5424,1,0.00
5429,1,0.00
5431,1,0.00
5529,1,0.00
5537,1,0.00
5543,1,0.00
5581,1,0.00
5582,1,0.00
5591,1,0.00
5622,1,0.00
5680,1,0.00
5894,1,0.00
5904,1,0.00
5927,1,0.00
5971,1,0.00
5973,1,0.00
5979,3,0.00
5980,11,0.00
5981,1,0.00
5982,1,0.00
5984,3,0.00
5987,2,0.00
5989,7,0.00
5990,19,0.00
5991,1,0.00
5992,1,0.00
5993,1,0.00
5994,3,0.00
5995,4,0.00
5996,1,0.00
5997,3,0.00
5998,4,0.00
5999,25,0.00
6000,19,0.00
6001,3,0.00
6003,1,0.00
6005,2,0.00
6006,1,0.00
6007,1,0.00
6008,1,0.00
6009,1,0.00
6010,2,0.00
6032,2,0.00
6110,1,0.00
6111,1,0.00
6257,1,0.00
6265,1,0.00
6354,1,0.00
6537,1,0.00
6561,1,0.00
6572,1,0.00
6573,1,0.00
6590,1,0.00
6592,1,0.00
6601,1,0.00
6605,1,0.00
6613,1,0.00
6629,1,0.00
6632,1,0.00
6642,1,0.00
6668,1,0.00
6969,2,0.00
6974,1,0.00
6976,1,0.00
6978,1,0.00
6979,3,0.00
6980,2,0.00
6987,3,0.00
6988,1,0.00
6989,5,0.00
6990,4,0.00
6991,2,0.00
6992,1,0.00
6994,1,0.00
6996,1,0.00
6999,9,0.00
7000,7,0.00
7001,2,0.00
7002,1,0.00
7003,2,0.00
7005,1,0.00
7009,1,0.00
7020,1,0.00
7021,1,0.00
7025,1,0.00
7040,1,0.00
7114,1,0.00
7267,1,0.00
7316,1,0.00
7390,1,0.00
7393,1,0.00
7581,2,0.00
7590,1,0.00
7601,1,0.00
7613,1,0.00
7620,1,0.00
7642,1,0.00
7661,1,0.00
7914,1,0.00
7969,1,0.00
7979,1,0.00
7986,2,0.00
7989,3,0.00
7991,1,0.00
7997,2,0.00
7998,2,0.00
7999,3,0.00
8000,3,0.00
8001,1,0.00
8002,1,0.00
8009,2,0.00
8347,1,0.00
8551,1,0.00
8591,1,0.00
8620,1,0.00
8962,1,0.00
8969,1,0.00
8970,1,0.00
8975,2,0.00
8979,3,0.00
8980,2,0.00
8989,4,0.00
8991,1,0.00
8993,1,0.00
8995,1,0.00
8998,2,0.00
8999,4,0.00
9000,3,0.00
9009,4,0.00
9010,2,0.00
9014,1,0.00
9019,1,0.00
9339,1,0.00
9554,1,0.00
9571,1,0.00
9581,2,0.00
9632,1,0.00
9677,1,0.00
9852,1,0.00
9980,1,0.00
9981,1,0.00
9989,1,0.00
9998,1,0.00
9999,1,0.00
10001,30,0.00
10002,35,0.00
10003,21,0.00
10004,22,0.00
10005,20,0.00
10006,33,0.00
10007,41,0.00
10008,81,0.00
10009,407,0.02
10010,124,0.01
10011,21,0.00
10012,15,0.00
10013,11,0.00
10014,8,0.00
10015,7,0.00
10016,11,0.00
10017,3,0.00
10018,5,0.00
10019,14,0.00
10020,3,0.00
10021,1,0.00
10022,2,0.00
10024,1,0.00
10042,1,0.00
10562,1,0.00
10581,1,0.00
10582,1,0.00
10879,1,0.00
10959,1,0.00
10967,1,0.00
10968,2,0.00
10969,3,0.00
10971,1,0.00
10973,1,0.00
10978,2,0.00
10979,3,0.00
10980,1,0.00
10984,1,0.00
10988,1,0.00
10989,7,0.00
10990,4,0.00
10994,1,0.00
10995,1,0.00
10996,2,0.00
10997,2,0.00
10998,5,0.00
10999,7,0.00
11000,2,0.00
11002,1,0.00
11004,1,0.00
11006,1,0.00
11007,1,0.00
11008,1,0.00
11009,7,0.00
11558,1,0.00
11571,1,0.00
11573,1,0.00
11629,1,0.00
11988,1,0.00
11990,1,0.00
11998,1,0.00
12239,1,0.00
12560,1,0.00
12571,1,0.00
12601,1,0.00
12602,1,0.00
12627,1,0.00
12955,1,0.00
12970,1,0.00
12975,1,0.00
12978,4,0.00
12979,1,0.00
12980,2,0.00
12983,1,0.00
12986,1,0.00
12988,4,0.00
12989,3,0.00
12991,1,0.00
12992,1,0.00
12993,1,0.00
12998,1,0.00
12999,4,0.00
13009,2,0.00
13592,1,0.00
13593,1,0.00
13649,1,0.00
14581,1,0.00
14587,1,0.00
14592,1,0.00
14608,1,0.00
14690,1,0.00
14978,1,0.00
14979,1,0.00
14989,1,0.00
14992,1,0.00
14998,1,0.00
15011,1,0.00
15024,1,0.00
15140,1,0.00
15154,1,0.00
15566,1,0.00
15591,2,0.00
15962,1,0.00
15981,1,0.00
15989,1,0.00
15999,1,0.00
16061,1,0.00
16320,1,0.00
16978,1,0.00
16990,1,0.00
16994,1,0.00
16999,1,0.00
17270,1,0.00
17569,1,0.00
17580,1,0.00
17581,1,0.00
17969,1,0.00
17978,1,0.00
17979,1,0.00
17988,1,0.00
17989,1,0.00
17991,1,0.00
17998,1,0.00
17999,1,0.00
18561,1,0.00
18569,1,0.00
18578,1,0.00
18591,1,0.00
18592,1,0.00
18595,1,0.00
18601,1,0.00
18611,1,0.00
18900,1,0.00
18955,1,0.00
18958,1,0.00
18964,1,0.00
18988,1,0.00
18989,1,0.00
18999,1,0.00
19590,1,0.00
19591,1,0.00
19606,1,0.00
19621,1,0.00
19949,1,0.00
19970,1,0.00
19977,1,0.00
19978,1,0.00
19979,1,0.00
19992,1,0.00
19993,1,0.00
19998,1,0.00
20017,1,0.00
20026,1,0.00
20550,1,0.00
20581,1,0.00
20988,1,0.00
21136,1,0.00
21144,1,0.00
21262,1,0.00
21558,1,0.00
21564,1,0.00
21589,1,0.00
21919,1,0.00
21967,1,0.00
21978,1,0.00
21979,1,0.00
21980,1,0.00
21987,2,0.00
22580,1,0.00
22620,1,0.00
22932,1,0.00
23529,1,0.00
23606,1,0.00
23658,1,0.00
23887,1,0.00
23941,1,0.00
23948,1,0.00
23952,1,0.00
23955,1,0.00
23957,1,0.00
23968,1,0.00
23973,1,0.00
23977,3,0.00
23978,6,0.00
23986,1,0.00
23989,1,0.00
23998,1,0.00
23999,1,0.00
24358,1,0.00
24591,1,0.00
24601,1,0.00
24603,1,0.00
24718,1,0.00
24850,1,0.00
24958,1,0.00
24967,1,0.00
24978,1,0.00
25540,1,0.00
25573,1,0.00
25581,1,0.00
25859,1,0.00
25870,1,0.00
25891,1,0.00
25959,1,0.00
25977,1,0.00
25997,1,0.00
25999,1,0.00
26560,1,0.00
26569,1,0.00
26580,1,0.00
26617,1,0.00
26946,1,0.00
26957,1,0.00
26968,1,0.00
26971,1,0.00
27570,1,0.00
27976,1,0.00
27991,1,0.00
28569,1,0.00
28860,1,0.00
28950,1,0.00
29542,1,0.00
29558,1,0.00
29731,1,0.00
29957,1,0.00
29977,1,0.00
30504,1,0.00
30539,1,0.00
30542,1,0.00
30546,1,0.00
30549,1,0.00
30560,1,0.00
30589,1,0.00
30937,1,0.00
30947,1,0.00
30986,1,0.00
31006,1,0.00
31539,1,0.00
31610,1,0.00
32611,1,0.00
32958,1,0.00
32977,1,0.00
32979,1,0.00
32999,1,0.00
33549,1,0.00
33561,1,0.00
33589,1,0.00
33940,1,0.00
33969,1,0.00
34547,1,0.00
34589,1,0.00
34946,1,0.00
34947,1,0.00
34957,1,0.00
34965,1,0.00
34966,1,0.00
35089,1,0.00
35548,1,0.00
35549,1,0.00
35568,1,0.00
35582,1,0.00
36197,1,0.00
36552,1,0.00
36957,1,0.00
36968,1,0.00
36977,1,0.00
37019,1,0.00
37077,1,0.00
38228,1,0.00
38550,1,0.00
38589,1,0.00
38596,1,0.00
38876,1,0.00
38946,1,0.00
40361,1,0.00
40548,1,0.00
40557,1,0.00
40559,1,0.00
40568,1,0.00
40615,1,0.00
40676,1,0.00
41549,1,0.00
41579,1,0.00
42579,1,0.00
42980,1,0.00
43548,1,0.00
43549,1,0.00
43558,1,0.00
43568,1,0.00
43573,1,0.00
43957,1,0.00
43975,1,0.00
44480,1,0.00
45503,1,0.00
45548,1,0.00
45558,1,0.00
45870,1,0.00
45906,1,0.00
47356,1,0.00
47916,1,0.00
48506,1,0.00
48562,1,0.00
48563,1,0.00
49551,1,0.00
49565,1,0.00
49657,1,0.00
50039,1,0.00
50536,1,0.00
50797,1,0.00
50955,1,0.00
50987,1,0.00
51549,1,0.00
51558,1,0.00
52538,1,0.00
53527,1,0.00
53558,1,0.00
54541,1,0.00
54546,1,0.00
55538,1,0.00
55561,1,0.00
55568,1,0.00
56536,1,0.00
57536,1,0.00
57593,1,0.00
57944,1,0.00
59106,1,0.00
60536,1,0.00
61413,1,0.00
61545,1,0.00
61965,1,0.00
63510,1,0.00
63533,1,0.00
63535,1,0.00
63547,1,0.00
63870,1,0.00
64524,1,0.00
64536,2,0.00
70562,1,0.00
72935,1,0.00
73863,1,0.00
82932,1,0.00
90162,1,0.00
92289,1,0.00
92984,1,0.00
94613,1,0.00
95973,1,0.00
106994,1,0.00
109125,1,0.00
116509,1,0.00
119107,1,0.00
121379,1,0.00
121844,1,0.00
122520,1,0.00
122539,1,0.00
132259,1,0.00
133700,1,0.00
137533,1,0.00
147832,1,0.00
153841,1,0.00
157725,1,0.00
163403,1,0.00
173531,1,0.00
175665,1,0.00
178313,1,0.00
186795,1,0.00
187383,1,0.00
190999,1,0.00
194621,1,0.00
196840,1,0.00
196852,1,0.00
218994,1,0.00
224123,1,0.00
230126,1,0.00
236485,1,0.00
236657,1,0.00
246400,1,0.00
254964,1,0.00
255016,1,0.00
256864,1,0.00
268513,1,0.00
272534,1,0.00
279567,1,0.00
286080,1,0.00
288218,1,0.00
292440,1,0.00
293971,1,0.00
302257,1,0.00
304251,1,0.00
305465,1,0.00
321320,1,0.00
321408,1,0.00
327908,1,0.00
330006,1,0.00
333768,1,0.00
345998,1,0.00
358449,1,0.00
367459,1,0.00
370256,1,0.00
371406,1,0.00
381853,1,0.00
386716,1,0.00
387632,1,0.00
395611,1,0.00
399546,1,0.00
402214,1,0.00
403927,1,0.00
408918,1,0.00
411364,1,0.00
422805,1,0.00
434875,1,0.00
437334,1,0.00
456401,1,0.00
456759,1,0.00
470019,1,0.00
472672,1,0.00
480124,1,0.00
492564,1,0.00
492593,1,0.00
494036,1,0.00
495640,1,0.00
499479,1,0.00
501435,1,0.00
508635,1,0.00
510031,1,0.00
514807,1,0.00
515722,1,0.00
518505,1,0.00
526829,1,0.00
527527,1,0.00
530746,1,0.00
532931,1,0.00
543646,1,0.00
547767,1,0.00
551389,1,0.00
558804,1,0.00
562283,1,0.00
565146,1,0.00
566507,1,0.00
571401,1,0.00
573177,1,0.00
574394,1,0.00
597344,1,0.00
614832,1,0.00
621592,1,0.00
627535,1,0.00
639386,1,0.00
640722,1,0.00
658808,1,0.00
674472,1,0.00
698814,1,0.00
706477,1,0.00
707905,1,0.00
711775,1,0.00
720767,1,0.00
729295,1,0.00
731373,1,0.00
751555,1,0.00
754108,1,0.00
761218,1,0.00
771620,1,0.00
772463,1,0.00
777731,1,0.00
783886,1,0.00
787327,1,0.00
836003,1,0.00
839333,1,0.00
846044,1,0.00
857179,1,0.00
861351,1,0.00
871216,1,0.00
890637,1,0.00
891574,1,0.00
902485,1,0.00
906719,1,0.00
909536,1,0.00
963698,1,0.00
975021,1,0.00
981982,1,0.00
987731,1,0.00
1004287,1,0.00
1010941,1,0.00
1025542,1,0.00
1034790,1,0.00
1087980,1,0.00
1100745,1,0.00
1106670,1,0.00
1114119,1,0.00
1124203,1,0.00
1168149,1,0.00
1185353,1,0.00
1268073,1,0.00
1294676,1,0.00
1318234,1,0.00
1324757,1,0.00
1348931,1,0.00
1383284,1,0.00
1389612,1,0.00
1424293,1,0.00
1464955,1,0.00
1497171,1,0.00
1506361,1,0.00
1516450,1,0.00
1549518,1,0.00
1588295,1,0.00
1590600,1,0.00
1691604,1,0.00
1789412,1,0.00
1818668,1,0.00
1856851,1,0.00
1878426,1,0.00
1881559,1,0.00
1882319,1,0.00
1900670,1,0.00
2012958,1,0.00
2032470,1,0.00
2137810,1,0.00
2161296,1,0.00
2221897,1,0.00
2256134,1,0.00
2257509,1,0.00
2270225,1,0.00
2283509,1,0.00
2400251,1,0.00
2487992,1,0.00
2495811,1,0.00
2508339,1,0.00
2512076,1,0.00
2539023,1,0.00
2546951,1,0.00
2963302,1,0.00
3022722,1,0.00
3142510,1,0.00
3219149,1,0.00
3354594,1,0.00
3401853,1,0.00
3572603,1,0.00
3836557,1,0.00
4193064,1,0.00
4324202,1,0.00
4331207,1,0.00
4872768,1,0.00
5438586,1,0.00
5447332,1,0.00
5502344,1,0.00
5714922,1,0.00
5720621,1,0.00
5857524,1,0.00
6155520,1,0.00
6431241,1,0.00
6575680,1,0.00
6576518,1,0.00
6706701,1,0.00
6775701,1,0.00
6951226,1,0.00
7157225,1,0.00
7187449,1,0.00
7191978,1,0.00
7236349,1,0.00
7286794,1,0.00
7467260,1,0.00
7491599,1,0.00
7579033,1,0.00
7588124,1,0.00
7588383,1,0.00
7693253,1,0.00
7741495,1,0.00
7852071,1,0.00
7929501,1,0.00
8019670,1,0.00
8020877,1,0.00
8106213,1,0.00
8212588,1,0.00
8329056,1,0.00
8339704,1,0.00
8397051,1,0.00
8413023,1,0.00
8437681,1,0.00
8457524,1,0.00
8477594,1,0.00
8524007,1,0.00
8680620,1,0.00
8741506,1,0.00
8810302,1,0.00
8823416,1,0.00
8830205,1,0.00
8841881,1,0.00
8904730,1,0.00
8917305,1,0.00
8964603,1,0.00
9050775,1,0.00
9054801,1,0.00
9149723,1,0.00
9153242,1,0.00
9187354,1,0.00
9201314,1,0.00
9209621,1,0.00
9242256,1,0.00
9252652,1,0.00
9647460,1,0.00
9648266,1,0.00
9771611,1,0.00
9825660,1,0.00
10037615,1,0.00
10190790,1,0.00
10619150,1,0.00
10690787,1,0.00
10794635,1,0.00
10813736,1,0.00
11126499,1,0.00
11128599,1,0.00
11259196,1,0.00
11306499,1,0.00
12893887,1,0.00
13347555,1,0.00
14373829,1,0.00
14773701,1,0.00
14965317,1,0.00
15040982,1,0.00
15189139,1,0.00
15978764,1,0.00
16938081,1,0.00
17608409,1,0.00
18079684,1,0.00
19291145,1,0.00
24453322,1,0.00
25024646,1,0.00
26145105,1,0.00
27406929,1,0.00
30313053,1,0.00
30912846,1,0.00
33764570,1,0.00
34848570,1,0.00
36643951,1,0.00
37376093,1,0.00
39033375,1,0.00
39846171,1,0.00
40034279,1,0.00
40277213,1,0.00
40446289,1,0.00
40679425,1,0.00
40904213,1,0.00
41248260,1,0.00
41338442,1,0.00
41554720,1,0.00
41570251,1,0.00
41698105,1,0.00
41805775,1,0.00
41807248,1,0.00
41915688,1,0.00
41937257,1,0.00
41937677,1,0.00
41970304,1,0.00
42042944,1,0.00
42046238,1,0.00
42094481,1,0.00
42261366,1,0.00
42367025,1,0.00
42463598,1,0.00
42496195,1,0.00
42519287,1,0.00
42532234,1,0.00
42597654,1,0.00
42646892,1,0.00
42816236,1,0.00
42880936,1,0.00
42889332,1,0.00
42916541,1,0.00
43030993,1,0.00
43146505,1,0.00
43341747,1,0.00
43374691,1,0.00
43568204,1,0.00
43711110,1,0.00
43753437,1,0.00
43771242,1,0.00
44005120,1,0.00
44278906,1,0.00
44316793,1,0.00
44440170,1,0.00
45196908,1,0.00
45273728,1,0.00
45396487,1,0.00
46751159,1,0.00
48404115,1,0.00
49107346,1,0.00
49904667,1,0.00
52345747,1,0.00
54773000,1,0.00
55902266,1,0.00
58370172,1,0.00
60166744,1,0.00
60915067,1,0.00
60940372,1,0.00
64823903,1,0.00
65639749,1,0.00
67691945,1,0.00
69285473,1,0.00
70127917,1,0.00
73182817,1,0.00
75518222,1,0.00
79923229,1,0.00
82191270,1,0.00
89990605,1,0.00
90293803,1,0.00
91635532,1,0.00
112763721,1,0.00
118897720,1,0.00
123251173,1,0.00
127227429,1,0.00
130060049,1,0.00
130237354,1,0.00
147222558,1,0.00
148985080,1,0.00
159268385,1,0.00
167185152,1,0.00
167976841,1,0.00
256897976,1,0.00
321240683,1,0.00
346307766,1,0.00
362175047,1,0.00
417738660,1,0.00
510662982,1,0.00
